<?xml version="1.0" encoding="UTF-8" ?>
<!DOCTYPE mapper
        PUBLIC "-//mybatis.org//DTD Mapper 3.0//EN"
        "http://mybatis.org/dtd/mybatis-3-mapper.dtd">
<mapper namespace="com.tyut.mapper.ClassTableMapper">

    <select id="findAll" resultType="classTable">
        SELECT *
        FROM class_table
    </select>

    <delete id="deleteClassByClassId" parameterType="java.lang.Integer">
        DELETE
        FROM class_table
        WHERE class_id = #{classId};
<!--        &lt;!&ndash;对自增列进行重新排序&ndash;&gt;-->
<!--        ALTER TABLE class_table DROP class_id;-->
<!--        ALTER TABLE class_table ADD class_id int NOT NULL FIRST;-->
<!--        ALTER TABLE class_table MODIFY COLUMN class_id int NOT NULL AUTO_INCREMENT,ADD PRIMARY KEY(class_id);-->
    </delete>

    <insert id="insertClass" parameterType="classTable">
        INSERT INTO class_table(class_id, class_name, class_begin, class_time, coach)
        VALUES (#{classId}, #{className}, #{classBegin}, #{classTime}, #{coach})
    </insert>

    <select id="selectByClassId" parameterType="java.lang.Integer" resultType="classTable">
        SELECT *
        FROM class_table
        WHERE class_id = #{classId}
    </select>

    <delete id="deleteOrderByClassId" parameterType="java.lang.Integer">
        DELETE
        FROM class_order
        WHERE class_id = #{classId}
    </delete>


</mapper>
